{"cameraMode":{"drawMode":0,"name":"Shaded","section":"Shading Mode"},"sceneLighting":false,"audioPlay":false,"sceneViewState":{"showFog":true,"showMaterialUpdate":false,"showSkybox":false,"showFlares":true,"showImageEffects":true,"showParticleSystems":true},"in2DMode":false,"pivot":{"x":-1.9345483779907227,"y":0.9396059513092041,"z":0.3637271523475647},"rotation":{"x":0.015723539516329767,"y":0.9827086925506592,"z":-0.15546287596225739,"w":0.09939099103212357},"size":14.099020004272461,"orthographic":false}